"File","Patterns","Backup","Timestamp"
"C:/Users/Admin/source/repos/!VK/LunaVK-dev/Src/luna_terms.html","(?i)vk\.com","C:/Users/Admin/source/repos/!VK/LunaVK-dev/Src/luna_terms.html.bak","2025-09-20T13:00:00.3178437+03:00"
"C:/Users/Admin/source/repos/!VK/LunaVK-dev/Src/LottieUWP/obj/x64/Debug/qualifiers.txt","(?i)https?://oauth\.vk\.com","C:/Users/Admin/source/repos/!VK/LunaVK-dev/Src/LottieUWP/obj/x64/Debug/qualifiers.txt.bak","2025-09-20T13:00:02.1380810+03:00"
"C:/Users/Admin/source/repos/!VK/LunaVK-dev/Src/LunaVK/AboutPage.xaml.cs","(?i)https?://m\.vk\.com","C:/Users/Admin/source/repos/!VK/LunaVK-dev/Src/LunaVK/AboutPage.xaml.cs.bak","2025-09-20T13:00:02.9303624+03:00"
"C:/Users/Admin/source/repos/!VK/LunaVK-dev/Src/LunaVK/App.xaml.cs","(?i)vk\.com","C:/Users/Admin/source/repos/!VK/LunaVK-dev/Src/LunaVK/App.xaml.cs.bak","2025-09-20T13:00:03.1724772+03:00"
"C:/Users/Admin/source/repos/!VK/LunaVK-dev/Src/LunaVK/Changes.txt","(?i)https?://m\.vk\.com","C:/Users/Admin/source/repos/!VK/LunaVK-dev/Src/LunaVK/Changes.txt.bak","2025-09-20T13:00:03.3973821+03:00"
"C:/Users/Admin/source/repos/!VK/LunaVK-dev/Src/LunaVK/DocumentsPage.xaml.cs","(?i)vk\.com","C:/Users/Admin/source/repos/!VK/LunaVK-dev/Src/LunaVK/DocumentsPage.xaml.cs.bak","2025-09-20T13:00:03.4955095+03:00"
"C:/Users/Admin/source/repos/!VK/LunaVK-dev/Src/LunaVK/GroupManagementPage.xaml","(?i)vk\.com","C:/Users/Admin/source/repos/!VK/LunaVK-dev/Src/LunaVK/GroupManagementPage.xaml.bak","2025-09-20T13:00:03.5958155+03:00"
"C:/Users/Admin/source/repos/!VK/LunaVK-dev/Src/LunaVK/GroupManagementPage.xaml.cs","(?i)vk\.com","C:/Users/Admin/source/repos/!VK/LunaVK-dev/Src/LunaVK/GroupManagementPage.xaml.cs.bak","2025-09-20T13:00:03.6499515+03:00"
"C:/Users/Admin/source/repos/!VK/LunaVK-dev/Src/LunaVK/LoginPage.xaml.cs","(?i)https?://m\.vk\.com;(?i)vk\.com","C:/Users/Admin/source/repos/!VK/LunaVK-dev/Src/LunaVK/LoginPage.xaml.cs.bak","2025-09-20T13:00:04.3829077+03:00"
"C:/Users/Admin/source/repos/!VK/LunaVK-dev/Src/LunaVK/NewsPage.xaml.cs","(?i)vk\.com","C:/Users/Admin/source/repos/!VK/LunaVK-dev/Src/LunaVK/NewsPage.xaml.cs.bak","2025-09-20T13:00:04.6807122+03:00"
"C:/Users/Admin/source/repos/!VK/LunaVK-dev/Src/LunaVK/PhotoAlbumPage.xaml.cs","(?i)vk\.com","C:/Users/Admin/source/repos/!VK/LunaVK-dev/Src/LunaVK/PhotoAlbumPage.xaml.cs.bak","2025-09-20T13:00:04.8464277+03:00"
"C:/Users/Admin/source/repos/!VK/LunaVK-dev/Src/LunaVK/SettingsAccountPage.xaml.cs","(?i)vk\.com","C:/Users/Admin/source/repos/!VK/LunaVK-dev/Src/LunaVK/SettingsAccountPage.xaml.cs.bak","2025-09-20T13:00:05.1651947+03:00"
"C:/Users/Admin/source/repos/!VK/LunaVK-dev/Src/LunaVK/SettingsPage.xaml.cs","(?i)vk\.com","C:/Users/Admin/source/repos/!VK/LunaVK-dev/Src/LunaVK/SettingsPage.xaml.cs.bak","2025-09-20T13:00:05.3378320+03:00"
"C:/Users/Admin/source/repos/!VK/LunaVK-dev/Src/LunaVK/VideoCatalogPage.xaml.cs","(?i)vk\.com","C:/Users/Admin/source/repos/!VK/LunaVK-dev/Src/LunaVK/VideoCatalogPage.xaml.cs.bak","2025-09-20T13:00:05.4403076+03:00"
"C:/Users/Admin/source/repos/!VK/LunaVK-dev/Src/LunaVK/VideoCommentsPage.xaml.cs","(?i)vk\.com","C:/Users/Admin/source/repos/!VK/LunaVK-dev/Src/LunaVK/VideoCommentsPage.xaml.cs.bak","2025-09-20T13:00:05.4715346+03:00"
"C:/Users/Admin/source/repos/!VK/LunaVK-dev/Src/LunaVK/VideoPage.xaml.cs","(?i)vk\.com","C:/Users/Admin/source/repos/!VK/LunaVK-dev/Src/LunaVK/VideoPage.xaml.cs.bak","2025-09-20T13:00:05.6069391+03:00"
"C:/Users/Admin/source/repos/!VK/LunaVK-dev/Src/LunaVK/Assets/Json/12691.json","(?i)vk\.com","C:/Users/Admin/source/repos/!VK/LunaVK-dev/Src/LunaVK/Assets/Json/12691.json.bak","2025-09-20T13:00:06.0308995+03:00"
"C:/Users/Admin/source/repos/!VK/LunaVK-dev/Src/LunaVK/Assets/Json/conv.json","(?i)vk\.com","C:/Users/Admin/source/repos/!VK/LunaVK-dev/Src/LunaVK/Assets/Json/conv.json.bak","2025-09-20T13:00:06.5563856+03:00"
"C:/Users/Admin/source/repos/!VK/LunaVK-dev/Src/LunaVK/Assets/Json/music.txt","(?i)https?://login\.vk\.com;(?i)https?://m\.vk\.com;(?i)m\.vk\.com;(?i)vk\.com","C:/Users/Admin/source/repos/!VK/LunaVK-dev/Src/LunaVK/Assets/Json/music.txt.bak","2025-09-20T13:00:06.6151677+03:00"
"C:/Users/Admin/source/repos/!VK/LunaVK-dev/Src/LunaVK/Assets/Json/music_search.txt","(?i)https?://login\.vk\.com;(?i)m\.vk\.com;(?i)vk\.com","C:/Users/Admin/source/repos/!VK/LunaVK-dev/Src/LunaVK/Assets/Json/music_search.txt.bak","2025-09-20T13:00:06.8093468+03:00"
"C:/Users/Admin/source/repos/!VK/LunaVK-dev/Src/LunaVK/bin/x64/Debug/AppxManifest.xml","(?i)vk\.com","C:/Users/Admin/source/repos/!VK/LunaVK-dev/Src/LunaVK/bin/x64/Debug/AppxManifest.xml.bak","2025-09-20T13:00:06.9449174+03:00"
"C:/Users/Admin/source/repos/!VK/LunaVK-dev/Src/LunaVK/bin/x64/Debug/LunaVK.xr.xml","(?i)vk\.com","C:/Users/Admin/source/repos/!VK/LunaVK-dev/Src/LunaVK/bin/x64/Debug/LunaVK.xr.xml.bak","2025-09-20T13:00:07.2509698+03:00"
"C:/Users/Admin/source/repos/!VK/LunaVK-dev/Src/LunaVK/bin/x64/Debug/AppX/AppxManifest.xml","(?i)vk\.com","C:/Users/Admin/source/repos/!VK/LunaVK-dev/Src/LunaVK/bin/x64/Debug/AppX/AppxManifest.xml.bak","2025-09-20T13:00:07.3434455+03:00"
"C:/Users/Admin/source/repos/!VK/LunaVK-dev/Src/LunaVK/bin/x64/Debug/AppX/LunaVK.xr.xml","(?i)vk\.com","C:/Users/Admin/source/repos/!VK/LunaVK-dev/Src/LunaVK/bin/x64/Debug/AppX/LunaVK.xr.xml.bak","2025-09-20T13:00:07.4395816+03:00"
"C:/Users/Admin/source/repos/!VK/LunaVK-dev/Src/LunaVK/bin/x64/Debug/Core/AppxManifest.xml","(?i)vk\.com","C:/Users/Admin/source/repos/!VK/LunaVK-dev/Src/LunaVK/bin/x64/Debug/Core/AppxManifest.xml.bak","2025-09-20T13:00:07.5054063+03:00"
"C:/Users/Admin/source/repos/!VK/LunaVK-dev/Src/LunaVK/Common/BatchDownloadManager.cs","(?i)vk\.com","C:/Users/Admin/source/repos/!VK/LunaVK-dev/Src/LunaVK/Common/BatchDownloadManager.cs.bak","2025-09-20T13:00:07.5590234+03:00"
"C:/Users/Admin/source/repos/!VK/LunaVK-dev/Src/LunaVK/Common/BrowserNavigationService.cs","(?i)vk\.com","C:/Users/Admin/source/repos/!VK/LunaVK-dev/Src/LunaVK/Common/BrowserNavigationService.cs.bak","2025-09-20T13:00:07.6789313+03:00"
"C:/Users/Admin/source/repos/!VK/LunaVK-dev/Src/LunaVK/Common/ContactsCache.cs","(?i)vk\.com","C:/Users/Admin/source/repos/!VK/LunaVK-dev/Src/LunaVK/Common/ContactsCache.cs.bak","2025-09-20T13:00:08.0969284+03:00"
"C:/Users/Admin/source/repos/!VK/LunaVK-dev/Src/LunaVK/Common/ContactsManager.cs","(?i)vk\.com","C:/Users/Admin/source/repos/!VK/LunaVK-dev/Src/LunaVK/Common/ContactsManager.cs.bak","2025-09-20T13:00:08.1934689+03:00"
"C:/Users/Admin/source/repos/!VK/LunaVK-dev/Src/LunaVK/Common/CountriesPhoneCodes.cs","(?i)vk\.com","C:/Users/Admin/source/repos/!VK/LunaVK-dev/Src/LunaVK/Common/CountriesPhoneCodes.cs.bak","2025-09-20T13:00:08.2982685+03:00"
"C:/Users/Admin/source/repos/!VK/LunaVK-dev/Src/LunaVK/Common/DownloadOprationItem.cs","(?i)vk\.com","C:/Users/Admin/source/repos/!VK/LunaVK-dev/Src/LunaVK/Common/DownloadOprationItem.cs.bak","2025-09-20T13:00:08.3311232+03:00"
"C:/Users/Admin/source/repos/!VK/LunaVK-dev/Src/LunaVK/Common/Emoji.cs","(?i)vk\.com","C:/Users/Admin/source/repos/!VK/LunaVK-dev/Src/LunaVK/Common/Emoji.cs.bak","2025-09-20T13:00:08.4807210+03:00"
"C:/Users/Admin/source/repos/!VK/LunaVK-dev/Src/LunaVK/Common/EmojiChar.cs","(?i)vk\.com","C:/Users/Admin/source/repos/!VK/LunaVK-dev/Src/LunaVK/Common/EmojiChar.cs.bak","2025-09-20T13:00:08.8932984+03:00"
"C:/Users/Admin/source/repos/!VK/LunaVK-dev/Src/LunaVK/Common/EmojiSpritesCreator.cs","(?i)vk\.com","C:/Users/Admin/source/repos/!VK/LunaVK-dev/Src/LunaVK/Common/EmojiSpritesCreator.cs.bak","2025-09-20T13:00:08.9322993+03:00"
"C:/Users/Admin/source/repos/!VK/LunaVK-dev/Src/LunaVK/Common/FreshNewsState.cs","(?i)vk\.com","C:/Users/Admin/source/repos/!VK/LunaVK-dev/Src/LunaVK/Common/FreshNewsState.cs.bak","2025-09-20T13:00:08.9831378+03:00"
"C:/Users/Admin/source/repos/!VK/LunaVK-dev/Src/LunaVK/Common/GraffitiEncoder.cs","(?i)vk\.com","C:/Users/Admin/source/repos/!VK/LunaVK-dev/Src/LunaVK/Common/GraffitiEncoder.cs.bak","2025-09-20T13:00:09.0222198+03:00"
"C:/Users/Admin/source/repos/!VK/LunaVK-dev/Src/LunaVK/Common/ImageAnimator.cs","(?i)vk\.com","C:/Users/Admin/source/repos/!VK/LunaVK-dev/Src/LunaVK/Common/ImageAnimator.cs.bak","2025-09-20T13:00:09.0606754+03:00"
"C:/Users/Admin/source/repos/!VK/LunaVK-dev/Src/LunaVK/Common/ImageInfo.cs","(?i)vk\.com","C:/Users/Admin/source/repos/!VK/LunaVK-dev/Src/LunaVK/Common/ImageInfo.cs.bak","2025-09-20T13:00:09.1244899+03:00"
"C:/Users/Admin/source/repos/!VK/LunaVK-dev/Src/LunaVK/Common/ImageStore.cs","(?i)vk\.com","C:/Users/Admin/source/repos/!VK/LunaVK-dev/Src/LunaVK/Common/ImageStore.cs.bak","2025-09-20T13:00:09.1500677+03:00"
"C:/Users/Admin/source/repos/!VK/LunaVK-dev/Src/LunaVK/Common/ImageViewer.cs","(?i)vk\.com","C:/Users/Admin/source/repos/!VK/LunaVK-dev/Src/LunaVK/Common/ImageViewer.cs.bak","2025-09-20T13:00:09.1828876+03:00"
"C:/Users/Admin/source/repos/!VK/LunaVK-dev/Src/LunaVK/Common/MediaDownloadManager.cs","(?i)vk\.com","C:/Users/Admin/source/repos/!VK/LunaVK-dev/Src/LunaVK/Common/MediaDownloadManager.cs.bak","2025-09-20T13:00:09.3155610+03:00"
"C:/Users/Admin/source/repos/!VK/LunaVK-dev/Src/LunaVK/Common/MessageBox.cs","(?i)vk\.com","C:/Users/Admin/source/repos/!VK/LunaVK-dev/Src/LunaVK/Common/MessageBox.cs.bak","2025-09-20T13:00:09.6623639+03:00"
"C:/Users/Admin/source/repos/!VK/LunaVK-dev/Src/LunaVK/Common/ParametersRepository.cs","(?i)vk\.com","C:/Users/Admin/source/repos/!VK/LunaVK-dev/Src/LunaVK/Common/ParametersRepository.cs.bak","2025-09-20T13:00:09.7238848+03:00"
"C:/Users/Admin/source/repos/!VK/LunaVK-dev/Src/LunaVK/Common/PreviewBehavior.cs","(?i)vk\.com","C:/Users/Admin/source/repos/!VK/LunaVK-dev/Src/LunaVK/Common/PreviewBehavior.cs.bak","2025-09-20T13:00:09.8866058+03:00"
"C:/Users/Admin/source/repos/!VK/LunaVK-dev/Src/LunaVK/Common/PreviewBehavior2.cs","(?i)vk\.com","C:/Users/Admin/source/repos/!VK/LunaVK-dev/Src/LunaVK/Common/PreviewBehavior2.cs.bak","2025-09-20T13:00:10.0833235+03:00"
"C:/Users/Admin/source/repos/!VK/LunaVK-dev/Src/LunaVK/Common/Smiles.cs","(?i)vk\.com","C:/Users/Admin/source/repos/!VK/LunaVK-dev/Src/LunaVK/Common/Smiles.cs.bak","2025-09-20T13:00:10.1950099+03:00"
"C:/Users/Admin/source/repos/!VK/LunaVK-dev/Src/LunaVK/Common/SpriteListItemData.cs","(?i)vk\.com","C:/Users/Admin/source/repos/!VK/LunaVK-dev/Src/LunaVK/Common/SpriteListItemData.cs.bak","2025-09-20T13:00:10.3276714+03:00"
"C:/Users/Admin/source/repos/!VK/LunaVK-dev/Src/LunaVK/Common/ThemeManager.cs","(?i)vk\.com","C:/Users/Admin/source/repos/!VK/LunaVK-dev/Src/LunaVK/Common/ThemeManager.cs.bak","2025-09-20T13:00:10.3479480+03:00"
"C:/Users/Admin/source/repos/!VK/LunaVK-dev/Src/LunaVK/Common/WallPostVMCacheManager.cs","(?i)vk\.com","C:/Users/Admin/source/repos/!VK/LunaVK-dev/Src/LunaVK/Common/WallPostVMCacheManager.cs.bak","2025-09-20T13:00:10.4590969+03:00"
"C:/Users/Admin/source/repos/!VK/LunaVK-dev/Src/LunaVK/Core/Library/NewsFeedService.cs","(?i)vk\.com","C:/Users/Admin/source/repos/!VK/LunaVK-dev/Src/LunaVK/Core/Library/NewsFeedService.cs.bak","2025-09-20T13:00:10.6125190+03:00"
"C:/Users/Admin/source/repos/!VK/LunaVK-dev/Src/LunaVK/Framework/CustomFrame.cs","(?i)vk\.com","C:/Users/Admin/source/repos/!VK/LunaVK-dev/Src/LunaVK/Framework/CustomFrame.cs.bak","2025-09-20T13:00:10.8173588+03:00"
"C:/Users/Admin/source/repos/!VK/LunaVK-dev/Src/LunaVK/Framework/HideHeaderHelper.cs","(?i)vk\.com","C:/Users/Admin/source/repos/!VK/LunaVK-dev/Src/LunaVK/Framework/HideHeaderHelper.cs.bak","2025-09-20T13:00:10.9172379+03:00"
"C:/Users/Admin/source/repos/!VK/LunaVK-dev/Src/LunaVK/Framework/ImageCache.cs","(?i)vk\.com","C:/Users/Admin/source/repos/!VK/LunaVK-dev/Src/LunaVK/Framework/ImageCache.cs.bak","2025-09-20T13:00:11.0798883+03:00"
"C:/Users/Admin/source/repos/!VK/LunaVK-dev/Src/LunaVK/Library/NavigatorImpl.cs","(?i)vk\.com","C:/Users/Admin/source/repos/!VK/LunaVK-dev/Src/LunaVK/Library/NavigatorImpl.cs.bak","2025-09-20T13:00:11.4037991+03:00"
"C:/Users/Admin/source/repos/!VK/LunaVK-dev/Src/LunaVK/Network/LongPollServerService.cs","(?i)https?://api\.vk\.com;(?i)vk\.com","C:/Users/Admin/source/repos/!VK/LunaVK-dev/Src/LunaVK/Network/LongPollServerService.cs.bak","2025-09-20T13:00:11.8497121+03:00"
"C:/Users/Admin/source/repos/!VK/LunaVK-dev/Src/LunaVK/Network/Converters/StickerUrlConverter.cs","(?i)vk\.com","C:/Users/Admin/source/repos/!VK/LunaVK-dev/Src/LunaVK/Network/Converters/StickerUrlConverter.cs.bak","2025-09-20T13:00:12.1913515+03:00"
"C:/Users/Admin/source/repos/!VK/LunaVK-dev/Src/LunaVK/obj/x64/Debug/GroupManagementPage.xaml","(?i)vk\.com","C:/Users/Admin/source/repos/!VK/LunaVK-dev/Src/LunaVK/obj/x64/Debug/GroupManagementPage.xaml.bak","2025-09-20T13:00:12.7711027+03:00"
"C:/Users/Admin/source/repos/!VK/LunaVK-dev/Src/LunaVK/obj/x64/Debug/LunaVK.xr.xml","(?i)vk\.com","C:/Users/Admin/source/repos/!VK/LunaVK-dev/Src/LunaVK/obj/x64/Debug/LunaVK.xr.xml.bak","2025-09-20T13:00:12.9156100+03:00"
"C:/Users/Admin/source/repos/!VK/LunaVK-dev/Src/LunaVK/obj/x64/Debug/XamlTypeInfo.g.cs","(?i)vk\.com","C:/Users/Admin/source/repos/!VK/LunaVK-dev/Src/LunaVK/obj/x64/Debug/XamlTypeInfo.g.cs.bak","2025-09-20T13:00:13.5593192+03:00"
"C:/Users/Admin/source/repos/!VK/LunaVK-dev/Src/LunaVK/obj/x64/Debug/Pages/Debug/TestControls.xaml","(?i)vk\.com","C:/Users/Admin/source/repos/!VK/LunaVK-dev/Src/LunaVK/obj/x64/Debug/Pages/Debug/TestControls.xaml.bak","2025-09-20T13:00:14.4886868+03:00"
"C:/Users/Admin/source/repos/!VK/LunaVK-dev/Src/LunaVK/obj/x64/Debug/Pages/Debug/TestEmoji.xaml","(?i)vk\.com","C:/Users/Admin/source/repos/!VK/LunaVK-dev/Src/LunaVK/obj/x64/Debug/Pages/Debug/TestEmoji.xaml.bak","2025-09-20T13:00:14.5777694+03:00"
"C:/Users/Admin/source/repos/!VK/LunaVK-dev/Src/LunaVK/obj/x64/Debug/Pages/Debug/TestNetworkRequest.xaml","(?i)vk\.com","C:/Users/Admin/source/repos/!VK/LunaVK-dev/Src/LunaVK/obj/x64/Debug/Pages/Debug/TestNetworkRequest.xaml.bak","2025-09-20T13:00:14.8109604+03:00"
"C:/Users/Admin/source/repos/!VK/LunaVK-dev/Src/LunaVK/obj/x64/Debug/Pages/Debug/TestSticker.xaml","(?i)vk\.com","C:/Users/Admin/source/repos/!VK/LunaVK-dev/Src/LunaVK/obj/x64/Debug/Pages/Debug/TestSticker.xaml.bak","2025-09-20T13:00:15.1463659+03:00"
"C:/Users/Admin/source/repos/!VK/LunaVK-dev/Src/LunaVK/obj/x64/Debug/UC/DownloadItemUC.xaml","(?i)vk\.com","C:/Users/Admin/source/repos/!VK/LunaVK-dev/Src/LunaVK/obj/x64/Debug/UC/DownloadItemUC.xaml.bak","2025-09-20T13:00:15.7797490+03:00"
"C:/Users/Admin/source/repos/!VK/LunaVK-dev/Src/LunaVK/obj/x64/Debug/UC/GiftListItemUC.xaml","(?i)vk\.com","C:/Users/Admin/source/repos/!VK/LunaVK-dev/Src/LunaVK/obj/x64/Debug/UC/GiftListItemUC.xaml.bak","2025-09-20T13:00:16.0069932+03:00"
"C:/Users/Admin/source/repos/!VK/LunaVK-dev/Src/LunaVK/obj/x64/Debug/UC/ItemSearchUC.xaml","(?i)vk\.com","C:/Users/Admin/source/repos/!VK/LunaVK-dev/Src/LunaVK/obj/x64/Debug/UC/ItemSearchUC.xaml.bak","2025-09-20T13:00:16.2602420+03:00"
"C:/Users/Admin/source/repos/!VK/LunaVK-dev/Src/LunaVK/obj/x64/Debug/UC/MenuUC.xaml","(?i)vk\.com","C:/Users/Admin/source/repos/!VK/LunaVK-dev/Src/LunaVK/obj/x64/Debug/UC/MenuUC.xaml.bak","2025-09-20T13:00:16.4090272+03:00"
"C:/Users/Admin/source/repos/!VK/LunaVK-dev/Src/LunaVK/obj/x64/Debug/UC/StickersPanel.xaml","(?i)vk\.com","C:/Users/Admin/source/repos/!VK/LunaVK-dev/Src/LunaVK/obj/x64/Debug/UC/StickersPanel.xaml.bak","2025-09-20T13:00:16.8119523+03:00"
"C:/Users/Admin/source/repos/!VK/LunaVK-dev/Src/LunaVK/Pages/AllPhotosPage.xaml.cs","(?i)vk\.com","C:/Users/Admin/source/repos/!VK/LunaVK-dev/Src/LunaVK/Pages/AllPhotosPage.xaml.cs.bak","2025-09-20T13:00:17.5337650+03:00"
"C:/Users/Admin/source/repos/!VK/LunaVK-dev/Src/LunaVK/Pages/DialogsConversationPage2.xaml.cs","(?i)vk\.com","C:/Users/Admin/source/repos/!VK/LunaVK-dev/Src/LunaVK/Pages/DialogsConversationPage2.xaml.cs.bak","2025-09-20T13:00:17.8083077+03:00"
"C:/Users/Admin/source/repos/!VK/LunaVK-dev/Src/LunaVK/Pages/GroupPage.xaml.cs","(?i)vk\.com","C:/Users/Admin/source/repos/!VK/LunaVK-dev/Src/LunaVK/Pages/GroupPage.xaml.cs.bak","2025-09-20T13:00:17.9052986+03:00"
"C:/Users/Admin/source/repos/!VK/LunaVK-dev/Src/LunaVK/Pages/PhotoPickerPhotos.xaml.cs","(?i)vk\.com","C:/Users/Admin/source/repos/!VK/LunaVK-dev/Src/LunaVK/Pages/PhotoPickerPhotos.xaml.cs.bak","2025-09-20T13:00:18.0897208+03:00"
"C:/Users/Admin/source/repos/!VK/LunaVK-dev/Src/LunaVK/Pages/ProfilePage.xaml.cs","(?i)vk\.com","C:/Users/Admin/source/repos/!VK/LunaVK-dev/Src/LunaVK/Pages/ProfilePage.xaml.cs.bak","2025-09-20T13:00:18.1864510+03:00"
"C:/Users/Admin/source/repos/!VK/LunaVK-dev/Src/LunaVK/Pages/SettingsEditProfilePage.xaml.cs","(?i)vk\.com","C:/Users/Admin/source/repos/!VK/LunaVK-dev/Src/LunaVK/Pages/SettingsEditProfilePage.xaml.cs.bak","2025-09-20T13:00:18.2981064+03:00"
"C:/Users/Admin/source/repos/!VK/LunaVK-dev/Src/LunaVK/Pages/VideoAlbumsListPage.xaml.cs","(?i)vk\.com","C:/Users/Admin/source/repos/!VK/LunaVK-dev/Src/LunaVK/Pages/VideoAlbumsListPage.xaml.cs.bak","2025-09-20T13:00:18.4710440+03:00"
"C:/Users/Admin/source/repos/!VK/LunaVK-dev/Src/LunaVK/Pages/Debug/TestCall.xaml.cs","(?i)vk\.com","C:/Users/Admin/source/repos/!VK/LunaVK-dev/Src/LunaVK/Pages/Debug/TestCall.xaml.cs.bak","2025-09-20T13:00:18.7987748+03:00"
"C:/Users/Admin/source/repos/!VK/LunaVK-dev/Src/LunaVK/Pages/Debug/TestControls.xaml","(?i)vk\.com","C:/Users/Admin/source/repos/!VK/LunaVK-dev/Src/LunaVK/Pages/Debug/TestControls.xaml.bak","2025-09-20T13:00:18.9148490+03:00"
"C:/Users/Admin/source/repos/!VK/LunaVK-dev/Src/LunaVK/Pages/Debug/TestControls.xaml.cs","(?i)vk\.com","C:/Users/Admin/source/repos/!VK/LunaVK-dev/Src/LunaVK/Pages/Debug/TestControls.xaml.cs.bak","2025-09-20T13:00:18.9936393+03:00"
"C:/Users/Admin/source/repos/!VK/LunaVK-dev/Src/LunaVK/Pages/Debug/TestControls_Part2.xaml.cs","(?i)https?://m\.vk\.com","C:/Users/Admin/source/repos/!VK/LunaVK-dev/Src/LunaVK/Pages/Debug/TestControls_Part2.xaml.cs.bak","2025-09-20T13:00:19.0918114+03:00"
"C:/Users/Admin/source/repos/!VK/LunaVK-dev/Src/LunaVK/Pages/Debug/TestEmoji.xaml","(?i)vk\.com","C:/Users/Admin/source/repos/!VK/LunaVK-dev/Src/LunaVK/Pages/Debug/TestEmoji.xaml.bak","2025-09-20T13:00:19.1909695+03:00"
"C:/Users/Admin/source/repos/!VK/LunaVK-dev/Src/LunaVK/Pages/Debug/TestEmoji.xaml.cs","(?i)vk\.com","C:/Users/Admin/source/repos/!VK/LunaVK-dev/Src/LunaVK/Pages/Debug/TestEmoji.xaml.cs.bak","2025-09-20T13:00:19.4350813+03:00"
"C:/Users/Admin/source/repos/!VK/LunaVK-dev/Src/LunaVK/Pages/Debug/TestFillRowControl.xaml.cs","(?i)vk\.com","C:/Users/Admin/source/repos/!VK/LunaVK-dev/Src/LunaVK/Pages/Debug/TestFillRowControl.xaml.cs.bak","2025-09-20T13:00:19.4963580+03:00"
"C:/Users/Admin/source/repos/!VK/LunaVK-dev/Src/LunaVK/Pages/Debug/TestLikesControl.xaml.cs","(?i)vk\.com","C:/Users/Admin/source/repos/!VK/LunaVK-dev/Src/LunaVK/Pages/Debug/TestLikesControl.xaml.cs.bak","2025-09-20T13:00:19.5425709+03:00"
"C:/Users/Admin/source/repos/!VK/LunaVK-dev/Src/LunaVK/Pages/Debug/TestNetworkRequest.xaml","(?i)vk\.com","C:/Users/Admin/source/repos/!VK/LunaVK-dev/Src/LunaVK/Pages/Debug/TestNetworkRequest.xaml.bak","2025-09-20T13:00:19.7252863+03:00"
"C:/Users/Admin/source/repos/!VK/LunaVK-dev/Src/LunaVK/Pages/Debug/TestNotificationsPanel.xaml.cs","(?i)vk\.com","C:/Users/Admin/source/repos/!VK/LunaVK-dev/Src/LunaVK/Pages/Debug/TestNotificationsPanel.xaml.cs.bak","2025-09-20T13:00:19.8376748+03:00"
"C:/Users/Admin/source/repos/!VK/LunaVK-dev/Src/LunaVK/Pages/Debug/TestPush.xaml.cs","(?i)vk\.com","C:/Users/Admin/source/repos/!VK/LunaVK-dev/Src/LunaVK/Pages/Debug/TestPush.xaml.cs.bak","2025-09-20T13:00:19.9444773+03:00"
"C:/Users/Admin/source/repos/!VK/LunaVK-dev/Src/LunaVK/Pages/Debug/TestRawNotification.xaml.cs","(?i)vk\.com","C:/Users/Admin/source/repos/!VK/LunaVK-dev/Src/LunaVK/Pages/Debug/TestRawNotification.xaml.cs.bak","2025-09-20T13:00:20.1122710+03:00"
"C:/Users/Admin/source/repos/!VK/LunaVK-dev/Src/LunaVK/Pages/Debug/TestResponse.xaml.cs","(?i)https?://api\.vk\.com","C:/Users/Admin/source/repos/!VK/LunaVK-dev/Src/LunaVK/Pages/Debug/TestResponse.xaml.cs.bak","2025-09-20T13:00:20.2229385+03:00"
"C:/Users/Admin/source/repos/!VK/LunaVK-dev/Src/LunaVK/Pages/Debug/TestSticker.xaml","(?i)vk\.com","C:/Users/Admin/source/repos/!VK/LunaVK-dev/Src/LunaVK/Pages/Debug/TestSticker.xaml.bak","2025-09-20T13:00:20.3103629+03:00"
"C:/Users/Admin/source/repos/!VK/LunaVK-dev/Src/LunaVK/Pages/Group/GroupPage.xaml.cs","(?i)vk\.com","C:/Users/Admin/source/repos/!VK/LunaVK-dev/Src/LunaVK/Pages/Group/GroupPage.xaml.cs.bak","2025-09-20T13:00:20.5144968+03:00"
"C:/Users/Admin/source/repos/!VK/LunaVK-dev/Src/LunaVK/UC/AttachmentsPresenter.cs","(?i)vk\.com","C:/Users/Admin/source/repos/!VK/LunaVK-dev/Src/LunaVK/UC/AttachmentsPresenter.cs.bak","2025-09-20T13:00:20.8258097+03:00"
"C:/Users/Admin/source/repos/!VK/LunaVK-dev/Src/LunaVK/UC/CommunityCreationUC.xaml.cs","(?i)https?://m\.vk\.com","C:/Users/Admin/source/repos/!VK/LunaVK-dev/Src/LunaVK/UC/CommunityCreationUC.xaml.cs.bak","2025-09-20T13:00:21.0467601+03:00"
"C:/Users/Admin/source/repos/!VK/LunaVK-dev/Src/LunaVK/UC/DebugUC.xaml.cs","(?i)vk\.com","C:/Users/Admin/source/repos/!VK/LunaVK-dev/Src/LunaVK/UC/DebugUC.xaml.cs.bak","2025-09-20T13:00:21.3170566+03:00"
"C:/Users/Admin/source/repos/!VK/LunaVK-dev/Src/LunaVK/UC/DownloadItemUC.xaml","(?i)vk\.com","C:/Users/Admin/source/repos/!VK/LunaVK-dev/Src/LunaVK/UC/DownloadItemUC.xaml.bak","2025-09-20T13:00:21.4072321+03:00"
"C:/Users/Admin/source/repos/!VK/LunaVK-dev/Src/LunaVK/UC/DownloadItemUC.xaml.cs","(?i)vk\.com","C:/Users/Admin/source/repos/!VK/LunaVK-dev/Src/LunaVK/UC/DownloadItemUC.xaml.cs.bak","2025-09-20T13:00:21.4400740+03:00"
"C:/Users/Admin/source/repos/!VK/LunaVK-dev/Src/LunaVK/UC/EmojiControlUC.xaml.cs","(?i)vk\.com","C:/Users/Admin/source/repos/!VK/LunaVK-dev/Src/LunaVK/UC/EmojiControlUC.xaml.cs.bak","2025-09-20T13:00:21.5067167+03:00"
"C:/Users/Admin/source/repos/!VK/LunaVK-dev/Src/LunaVK/UC/GiftListItemUC.xaml","(?i)vk\.com","C:/Users/Admin/source/repos/!VK/LunaVK-dev/Src/LunaVK/UC/GiftListItemUC.xaml.bak","2025-09-20T13:00:21.6777169+03:00"
"C:/Users/Admin/source/repos/!VK/LunaVK-dev/Src/LunaVK/UC/GifViewerUC.xaml.cs","(?i)vk\.com","C:/Users/Admin/source/repos/!VK/LunaVK-dev/Src/LunaVK/UC/GifViewerUC.xaml.cs.bak","2025-09-20T13:00:21.7134816+03:00"
"C:/Users/Admin/source/repos/!VK/LunaVK-dev/Src/LunaVK/UC/ImageViewer.cs","(?i)vk\.com","C:/Users/Admin/source/repos/!VK/LunaVK-dev/Src/LunaVK/UC/ImageViewer.cs.bak","2025-09-20T13:00:21.8678605+03:00"
"C:/Users/Admin/source/repos/!VK/LunaVK-dev/Src/LunaVK/UC/ImageViewerDecoratorUC.xaml.cs","(?i)vk\.com","C:/Users/Admin/source/repos/!VK/LunaVK-dev/Src/LunaVK/UC/ImageViewerDecoratorUC.xaml.cs.bak","2025-09-20T13:00:22.0068234+03:00"
"C:/Users/Admin/source/repos/!VK/LunaVK-dev/Src/LunaVK/UC/ItemFriendRequestUC.xaml","(?i)vk\.com","C:/Users/Admin/source/repos/!VK/LunaVK-dev/Src/LunaVK/UC/ItemFriendRequestUC.xaml.bak","2025-09-20T13:00:22.0849669+03:00"
"C:/Users/Admin/source/repos/!VK/LunaVK-dev/Src/LunaVK/UC/ItemNewsFeedUC.xaml.cs","(?i)vk\.com","C:/Users/Admin/source/repos/!VK/LunaVK-dev/Src/LunaVK/UC/ItemNewsFeedUC.xaml.cs.bak","2025-09-20T13:00:22.1832804+03:00"
"C:/Users/Admin/source/repos/!VK/LunaVK-dev/Src/LunaVK/UC/ItemNotificationUC.xaml.cs","(?i)vk\.com","C:/Users/Admin/source/repos/!VK/LunaVK-dev/Src/LunaVK/UC/ItemNotificationUC.xaml.cs.bak","2025-09-20T13:00:22.3870772+03:00"
"C:/Users/Admin/source/repos/!VK/LunaVK-dev/Src/LunaVK/UC/ItemSearchUC.xaml","(?i)vk\.com","C:/Users/Admin/source/repos/!VK/LunaVK-dev/Src/LunaVK/UC/ItemSearchUC.xaml.bak","2025-09-20T13:00:22.5477347+03:00"
"C:/Users/Admin/source/repos/!VK/LunaVK-dev/Src/LunaVK/UC/ItemWallPostUC.xaml.cs","(?i)vk\.com","C:/Users/Admin/source/repos/!VK/LunaVK-dev/Src/LunaVK/UC/ItemWallPostUC.xaml.cs.bak","2025-09-20T13:00:22.6177314+03:00"
"C:/Users/Admin/source/repos/!VK/LunaVK-dev/Src/LunaVK/UC/MenuUC.xaml","(?i)vk\.com","C:/Users/Admin/source/repos/!VK/LunaVK-dev/Src/LunaVK/UC/MenuUC.xaml.bak","2025-09-20T13:00:22.7860703+03:00"
"C:/Users/Admin/source/repos/!VK/LunaVK-dev/Src/LunaVK/UC/NewMessageUC.xaml.cs","(?i)vk\.com","C:/Users/Admin/source/repos/!VK/LunaVK-dev/Src/LunaVK/UC/NewMessageUC.xaml.cs.bak","2025-09-20T13:00:22.9712534+03:00"
"C:/Users/Admin/source/repos/!VK/LunaVK-dev/Src/LunaVK/UC/PreviewImageUC.xaml.cs","(?i)vk\.com","C:/Users/Admin/source/repos/!VK/LunaVK-dev/Src/LunaVK/UC/PreviewImageUC.xaml.cs.bak","2025-09-20T13:00:23.0760341+03:00"
"C:/Users/Admin/source/repos/!VK/LunaVK-dev/Src/LunaVK/UC/ScrollableTextBlock.cs","(?i)vk\.com","C:/Users/Admin/source/repos/!VK/LunaVK-dev/Src/LunaVK/UC/ScrollableTextBlock.cs.bak","2025-09-20T13:00:23.2049774+03:00"
"C:/Users/Admin/source/repos/!VK/LunaVK-dev/Src/LunaVK/UC/SharePostUC.xaml.cs","(?i)vk\.com","C:/Users/Admin/source/repos/!VK/LunaVK-dev/Src/LunaVK/UC/SharePostUC.xaml.cs.bak","2025-09-20T13:00:23.3794106+03:00"
"C:/Users/Admin/source/repos/!VK/LunaVK-dev/Src/LunaVK/UC/SpriteListControl.cs","(?i)vk\.com","C:/Users/Admin/source/repos/!VK/LunaVK-dev/Src/LunaVK/UC/SpriteListControl.cs.bak","2025-09-20T13:00:23.5380121+03:00"
"C:/Users/Admin/source/repos/!VK/LunaVK-dev/Src/LunaVK/UC/StickersPanel.xaml","(?i)vk\.com","C:/Users/Admin/source/repos/!VK/LunaVK-dev/Src/LunaVK/UC/StickersPanel.xaml.bak","2025-09-20T13:00:23.7001331+03:00"
"C:/Users/Admin/source/repos/!VK/LunaVK-dev/Src/LunaVK/UC/StickersPanel.xaml.cs","(?i)vk\.com","C:/Users/Admin/source/repos/!VK/LunaVK-dev/Src/LunaVK/UC/StickersPanel.xaml.cs.bak","2025-09-20T13:00:23.7514351+03:00"
"C:/Users/Admin/source/repos/!VK/LunaVK-dev/Src/LunaVK/UC/VideoViewerUC.xaml.cs","(?i)vk\.com","C:/Users/Admin/source/repos/!VK/LunaVK-dev/Src/LunaVK/UC/VideoViewerUC.xaml.cs.bak","2025-09-20T13:00:23.8520884+03:00"
"C:/Users/Admin/source/repos/!VK/LunaVK-dev/Src/LunaVK/UC/Attachment/AttachArticleUC.xaml.cs","(?i)https?://m\.vk\.com;(?i)m\.vk\.com;(?i)vk\.com","C:/Users/Admin/source/repos/!VK/LunaVK-dev/Src/LunaVK/UC/Attachment/AttachArticleUC.xaml.cs.bak","2025-09-20T13:00:24.0197936+03:00"
"C:/Users/Admin/source/repos/!VK/LunaVK-dev/Src/LunaVK/UC/Attachment/AttachDocumentUC.xaml.cs","(?i)vk\.com","C:/Users/Admin/source/repos/!VK/LunaVK-dev/Src/LunaVK/UC/Attachment/AttachDocumentUC.xaml.cs.bak","2025-09-20T13:00:24.3079777+03:00"
"C:/Users/Admin/source/repos/!VK/LunaVK-dev/Src/LunaVK/UC/Attachment/AttachLinkUC.xaml.cs","(?i)m\.vk\.com;(?i)vk\.com","C:/Users/Admin/source/repos/!VK/LunaVK-dev/Src/LunaVK/UC/Attachment/AttachLinkUC.xaml.cs.bak","2025-09-20T13:00:24.3637872+03:00"
"C:/Users/Admin/source/repos/!VK/LunaVK-dev/Src/LunaVK/UC/AttachmentPickers/GraffitiDrawUC.xaml.cs","(?i)vk\.com","C:/Users/Admin/source/repos/!VK/LunaVK-dev/Src/LunaVK/UC/AttachmentPickers/GraffitiDrawUC.xaml.cs.bak","2025-09-20T13:00:24.8430642+03:00"
"C:/Users/Admin/source/repos/!VK/LunaVK-dev/Src/LunaVK/UC/PopUp/LinkCreationUC.xaml.cs","(?i)vk\.com","C:/Users/Admin/source/repos/!VK/LunaVK-dev/Src/LunaVK/UC/PopUp/LinkCreationUC.xaml.cs.bak","2025-09-20T13:00:25.1871927+03:00"
"C:/Users/Admin/source/repos/!VK/LunaVK-dev/Src/LunaVK/ViewModels/CommentsViewModel.cs","(?i)vk\.com","C:/Users/Admin/source/repos/!VK/LunaVK-dev/Src/LunaVK/ViewModels/CommentsViewModel.cs.bak","2025-09-20T13:00:25.3091646+03:00"
"C:/Users/Admin/source/repos/!VK/LunaVK-dev/Src/LunaVK/ViewModels/DialogsWithConversationViewModel2.cs","(?i)https?://m\.vk\.com;(?i)vk\.com","C:/Users/Admin/source/repos/!VK/LunaVK-dev/Src/LunaVK/ViewModels/DialogsWithConversationViewModel2.cs.bak","2025-09-20T13:00:25.4328641+03:00"
"C:/Users/Admin/source/repos/!VK/LunaVK-dev/Src/LunaVK/ViewModels/GroupViewModel.cs","(?i)vk\.com","C:/Users/Admin/source/repos/!VK/LunaVK-dev/Src/LunaVK/ViewModels/GroupViewModel.cs.bak","2025-09-20T13:00:25.6410860+03:00"
"C:/Users/Admin/source/repos/!VK/LunaVK-dev/Src/LunaVK/ViewModels/GroupViewModel2.cs","(?i)vk\.com","C:/Users/Admin/source/repos/!VK/LunaVK-dev/Src/LunaVK/ViewModels/GroupViewModel2.cs.bak","2025-09-20T13:00:25.8973725+03:00"
"C:/Users/Admin/source/repos/!VK/LunaVK-dev/Src/LunaVK/ViewModels/MediaDownloadViewModel.cs","(?i)vk\.com","C:/Users/Admin/source/repos/!VK/LunaVK-dev/Src/LunaVK/ViewModels/MediaDownloadViewModel.cs.bak","2025-09-20T13:00:25.9722678+03:00"
"C:/Users/Admin/source/repos/!VK/LunaVK-dev/Src/LunaVK/ViewModels/MenuSearchViewModel.cs","(?i)vk\.com","C:/Users/Admin/source/repos/!VK/LunaVK-dev/Src/LunaVK/ViewModels/MenuSearchViewModel.cs.bak","2025-09-20T13:00:26.0453978+03:00"
"C:/Users/Admin/source/repos/!VK/LunaVK-dev/Src/LunaVK/ViewModels/NewsViewModel.cs","(?i)vk\.com","C:/Users/Admin/source/repos/!VK/LunaVK-dev/Src/LunaVK/ViewModels/NewsViewModel.cs.bak","2025-09-20T13:00:26.1269142+03:00"
"C:/Users/Admin/source/repos/!VK/LunaVK-dev/Src/LunaVK/ViewModels/ProfileViewModel.cs","(?i)vk\.com","C:/Users/Admin/source/repos/!VK/LunaVK-dev/Src/LunaVK/ViewModels/ProfileViewModel.cs.bak","2025-09-20T13:00:26.2855606+03:00"
"C:/Users/Admin/source/repos/!VK/LunaVK-dev/Src/LunaVK/ViewModels/RegistrationViewModel.cs","(?i)vk\.com","C:/Users/Admin/source/repos/!VK/LunaVK-dev/Src/LunaVK/ViewModels/RegistrationViewModel.cs.bak","2025-09-20T13:00:26.5240337+03:00"
"C:/Users/Admin/source/repos/!VK/LunaVK-dev/Src/LunaVK/ViewModels/SettingsViewModel.cs","(?i)vk\.com","C:/Users/Admin/source/repos/!VK/LunaVK-dev/Src/LunaVK/ViewModels/SettingsViewModel.cs.bak","2025-09-20T13:00:27.1446361+03:00"
"C:/Users/Admin/source/repos/!VK/LunaVK-dev/Src/LunaVK/ViewModels/VideoCommentsViewModel.cs","(?i)vk\.com","C:/Users/Admin/source/repos/!VK/LunaVK-dev/Src/LunaVK/ViewModels/VideoCommentsViewModel.cs.bak","2025-09-20T13:00:27.2277595+03:00"
"C:/Users/Admin/source/repos/!VK/LunaVK-dev/Src/LunaVK.Core/VKConstants.cs","(?i)https?://oauth\.vk\.com;(?i)https?://api\.vk\.com;(?i)vk\.com","C:/Users/Admin/source/repos/!VK/LunaVK-dev/Src/LunaVK.Core/VKConstants.cs.bak","2025-09-20T13:00:27.3385575+03:00"
"C:/Users/Admin/source/repos/!VK/LunaVK-dev/Src/LunaVK.Core/DataObjects/CountersArgs.cs","(?i)vk\.com","C:/Users/Admin/source/repos/!VK/LunaVK-dev/Src/LunaVK.Core/DataObjects/CountersArgs.cs.bak","2025-09-20T13:00:27.3832207+03:00"
"C:/Users/Admin/source/repos/!VK/LunaVK-dev/Src/LunaVK.Core/DataObjects/PostCopyright.cs","(?i)vk\.com","C:/Users/Admin/source/repos/!VK/LunaVK-dev/Src/LunaVK.Core/DataObjects/PostCopyright.cs.bak","2025-09-20T13:00:27.4655554+03:00"
"C:/Users/Admin/source/repos/!VK/LunaVK-dev/Src/LunaVK.Core/DataObjects/VKAttachment.cs","(?i)vk\.com","C:/Users/Admin/source/repos/!VK/LunaVK-dev/Src/LunaVK.Core/DataObjects/VKAttachment.cs.bak","2025-09-20T13:00:27.6235044+03:00"
"C:/Users/Admin/source/repos/!VK/LunaVK-dev/Src/LunaVK.Core/DataObjects/VKAudio.cs","(?i)vk\.com","C:/Users/Admin/source/repos/!VK/LunaVK-dev/Src/LunaVK.Core/DataObjects/VKAudio.cs.bak","2025-09-20T13:00:27.7019373+03:00"
"C:/Users/Admin/source/repos/!VK/LunaVK-dev/Src/LunaVK.Core/DataObjects/VKComment.cs","(?i)vk\.com","C:/Users/Admin/source/repos/!VK/LunaVK-dev/Src/LunaVK.Core/DataObjects/VKComment.cs.bak","2025-09-20T13:00:27.8403454+03:00"
"C:/Users/Admin/source/repos/!VK/LunaVK-dev/Src/LunaVK.Core/DataObjects/VKLink.cs","(?i)vk\.com","C:/Users/Admin/source/repos/!VK/LunaVK-dev/Src/LunaVK.Core/DataObjects/VKLink.cs.bak","2025-09-20T13:00:28.1474949+03:00"
"C:/Users/Admin/source/repos/!VK/LunaVK-dev/Src/LunaVK.Core/DataObjects/VKMarketItem.cs","(?i)vk\.com","C:/Users/Admin/source/repos/!VK/LunaVK-dev/Src/LunaVK.Core/DataObjects/VKMarketItem.cs.bak","2025-09-20T13:00:28.2655517+03:00"
"C:/Users/Admin/source/repos/!VK/LunaVK-dev/Src/LunaVK.Core/DataObjects/VKMessage.cs","(?i)vk\.com","C:/Users/Admin/source/repos/!VK/LunaVK-dev/Src/LunaVK.Core/DataObjects/VKMessage.cs.bak","2025-09-20T13:00:28.3146692+03:00"
"C:/Users/Admin/source/repos/!VK/LunaVK-dev/Src/LunaVK.Core/DataObjects/VKNewsfeedPost.cs","(?i)vk\.com","C:/Users/Admin/source/repos/!VK/LunaVK-dev/Src/LunaVK.Core/DataObjects/VKNewsfeedPost.cs.bak","2025-09-20T13:00:28.5961907+03:00"
"C:/Users/Admin/source/repos/!VK/LunaVK-dev/Src/LunaVK.Core/DataObjects/VKNote.cs","(?i)https?://m\.vk\.com","C:/Users/Admin/source/repos/!VK/LunaVK-dev/Src/LunaVK.Core/DataObjects/VKNote.cs.bak","2025-09-20T13:00:28.7777451+03:00"
"C:/Users/Admin/source/repos/!VK/LunaVK-dev/Src/LunaVK.Core/DataObjects/VKNotification.cs","(?i)vk\.com","C:/Users/Admin/source/repos/!VK/LunaVK-dev/Src/LunaVK.Core/DataObjects/VKNotification.cs.bak","2025-09-20T13:00:28.8151363+03:00"
"C:/Users/Admin/source/repos/!VK/LunaVK-dev/Src/LunaVK.Core/DataObjects/VKPhoto.cs","(?i)vk\.com","C:/Users/Admin/source/repos/!VK/LunaVK-dev/Src/LunaVK.Core/DataObjects/VKPhoto.cs.bak","2025-09-20T13:00:28.8603481+03:00"
"C:/Users/Admin/source/repos/!VK/LunaVK-dev/Src/LunaVK.Core/DataObjects/VKPostSource.cs","(?i)vk\.com","C:/Users/Admin/source/repos/!VK/LunaVK-dev/Src/LunaVK.Core/DataObjects/VKPostSource.cs.bak","2025-09-20T13:00:28.9946109+03:00"
"C:/Users/Admin/source/repos/!VK/LunaVK-dev/Src/LunaVK.Core/DataObjects/VKSticker.cs","(?i)vk\.com","C:/Users/Admin/source/repos/!VK/LunaVK-dev/Src/LunaVK.Core/DataObjects/VKSticker.cs.bak","2025-09-20T13:00:29.1815444+03:00"
"C:/Users/Admin/source/repos/!VK/LunaVK-dev/Src/LunaVK.Core/DataObjects/VKStory.cs","(?i)vk\.com","C:/Users/Admin/source/repos/!VK/LunaVK-dev/Src/LunaVK.Core/DataObjects/VKStory.cs.bak","2025-09-20T13:00:29.2517826+03:00"
"C:/Users/Admin/source/repos/!VK/LunaVK-dev/Src/LunaVK.Core/DataObjects/VKVideoBase.cs","(?i)vk\.com","C:/Users/Admin/source/repos/!VK/LunaVK-dev/Src/LunaVK.Core/DataObjects/VKVideoBase.cs.bak","2025-09-20T13:00:29.3353729+03:00"
"C:/Users/Admin/source/repos/!VK/LunaVK-dev/Src/LunaVK.Core/DataObjects/VKWallPost.cs","(?i)vk\.com","C:/Users/Admin/source/repos/!VK/LunaVK-dev/Src/LunaVK.Core/DataObjects/VKWallPost.cs.bak","2025-09-20T13:00:29.5123312+03:00"
"C:/Users/Admin/source/repos/!VK/LunaVK-dev/Src/LunaVK.Core/DataObjects/VKWiki.cs","(?i)vk\.com","C:/Users/Admin/source/repos/!VK/LunaVK-dev/Src/LunaVK.Core/DataObjects/VKWiki.cs.bak","2025-09-20T13:00:29.5476837+03:00"
"C:/Users/Admin/source/repos/!VK/LunaVK-dev/Src/LunaVK.Core/Emoji/StickersSettings.cs","(?i)vk\.com","C:/Users/Admin/source/repos/!VK/LunaVK-dev/Src/LunaVK.Core/Emoji/StickersSettings.cs.bak","2025-09-20T13:00:29.6325272+03:00"
"C:/Users/Admin/source/repos/!VK/LunaVK-dev/Src/LunaVK.Core/Enums/VKErrors.cs","(?i)https?://oauth\.vk\.com;(?i)vk\.com","C:/Users/Admin/source/repos/!VK/LunaVK-dev/Src/LunaVK.Core/Enums/VKErrors.cs.bak","2025-09-20T13:00:29.7811299+03:00"
"C:/Users/Admin/source/repos/!VK/LunaVK-dev/Src/LunaVK.Core/Library/NewsFeedService.cs","(?i)vk\.com","C:/Users/Admin/source/repos/!VK/LunaVK-dev/Src/LunaVK.Core/Library/NewsFeedService.cs.bak","2025-09-20T13:00:30.4524905+03:00"
"C:/Users/Admin/source/repos/!VK/LunaVK-dev/Src/LunaVK.Core/Library/PhotosService.cs","(?i)vk\.com","C:/Users/Admin/source/repos/!VK/LunaVK-dev/Src/LunaVK.Core/Library/PhotosService.cs.bak","2025-09-20T13:00:30.5384177+03:00"
"C:/Users/Admin/source/repos/!VK/LunaVK-dev/Src/LunaVK.Core/Library/StoreService.cs","(?i)vk\.com","C:/Users/Admin/source/repos/!VK/LunaVK-dev/Src/LunaVK.Core/Library/StoreService.cs.bak","2025-09-20T13:00:30.5918158+03:00"
"C:/Users/Admin/source/repos/!VK/LunaVK-dev/Src/LunaVK.Core/Library/VideoService.cs","(?i)vk\.com","C:/Users/Admin/source/repos/!VK/LunaVK-dev/Src/LunaVK.Core/Library/VideoService.cs.bak","2025-09-20T13:00:30.6412540+03:00"
"C:/Users/Admin/source/repos/!VK/LunaVK-dev/Src/LunaVK.Core/Library/WallService.cs","(?i)vk\.com","C:/Users/Admin/source/repos/!VK/LunaVK-dev/Src/LunaVK.Core/Library/WallService.cs.bak","2025-09-20T13:00:30.6879698+03:00"
"C:/Users/Admin/source/repos/!VK/LunaVK-dev/Src/LunaVK.Core/Network/JsonWebRequest.cs","(?i)vk\.com","C:/Users/Admin/source/repos/!VK/LunaVK-dev/Src/LunaVK.Core/Network/JsonWebRequest.cs.bak","2025-09-20T13:00:30.8046300+03:00"
"C:/Users/Admin/source/repos/!VK/LunaVK-dev/Src/LunaVK.Core/Network/RequestsDispatcher.cs","(?i)https?://oauth\.vk\.com;(?i)https?://login\.vk\.com;(?i)https?://m\.vk\.com;(?i)vk\.com","C:/Users/Admin/source/repos/!VK/LunaVK-dev/Src/LunaVK.Core/Network/RequestsDispatcher.cs.bak","2025-09-20T13:00:30.8419951+03:00"
"C:/Users/Admin/source/repos/!VK/LunaVK-dev/Src/LunaVK.Core/Network/VKRequestsDispatcher.cs","(?i)https?://oauth\.vk\.com;(?i)https?://api\.vk\.com;(?i)https?://login\.vk\.com;(?i)https?://m\.vk\.com;(?i)//oauth\.vk\.com;(?i)oauth\.vk\.com;(?i)vk\.com","C:/Users/Admin/source/repos/!VK/LunaVK-dev/Src/LunaVK.Core/Network/VKRequestsDispatcher.cs.bak","2025-09-20T13:00:30.9007187+03:00"
"C:/Users/Admin/source/repos/!VK/LunaVK-dev/Src/LunaVK.Core/obj/x64/Debug/qualifiers.txt","(?i)https?://oauth\.vk\.com","C:/Users/Admin/source/repos/!VK/LunaVK-dev/Src/LunaVK.Core/obj/x64/Debug/qualifiers.txt.bak","2025-09-20T13:00:31.6596453+03:00"
"C:/Users/Admin/source/repos/!VK/LunaVK-dev/Src/LunaVK.Core/ViewModels/NewsViewModel.cs","(?i)vk\.com","C:/Users/Admin/source/repos/!VK/LunaVK-dev/Src/LunaVK.Core/ViewModels/NewsViewModel.cs.bak","2025-09-20T13:00:31.9336130+03:00"
"C:/Users/Admin/source/repos/!VK/LunaVK-dev/Src/LunaVK.Core/ViewModels/PostCommentsViewModel.cs","(?i)vk\.com","C:/Users/Admin/source/repos/!VK/LunaVK-dev/Src/LunaVK.Core/ViewModels/PostCommentsViewModel.cs.bak","2025-09-20T13:00:31.9863501+03:00"
"C:/Users/Admin/source/repos/!VK/LunaVK-dev/Src/LunaVK.Photo/obj/x64/Debug/qualifiers.txt","(?i)https?://oauth\.vk\.com","C:/Users/Admin/source/repos/!VK/LunaVK-dev/Src/LunaVK.Photo/obj/x64/Debug/qualifiers.txt.bak","2025-09-20T13:00:32.6593116+03:00"
"C:/Users/Admin/source/repos/!VK/LunaVK-dev/Src/LunaVK.Photo/UC/ImageEditorControl.xaml.cs","(?i)vk\.com","C:/Users/Admin/source/repos/!VK/LunaVK-dev/Src/LunaVK.Photo/UC/ImageEditorControl.xaml.cs.bak","2025-09-20T13:00:32.9761953+03:00"
"C:/Users/Admin/source/repos/!VK/LunaVK-dev/Src/LunaVK.Photo/ViewModels/SelectStickerViewModel.cs","(?i)vk\.com","C:/Users/Admin/source/repos/!VK/LunaVK-dev/Src/LunaVK.Photo/ViewModels/SelectStickerViewModel.cs.bak","2025-09-20T13:00:33.0911043+03:00"
"C:/Users/Admin/source/repos/!VK/LunaVK-dev/Src/LunaVK.ScheduledUpdater/obj/x64/Debug/qualifiers.txt","(?i)https?://oauth\.vk\.com","C:/Users/Admin/source/repos/!VK/LunaVK-dev/Src/LunaVK.ScheduledUpdater/obj/x64/Debug/qualifiers.txt.bak","2025-09-20T13:00:33.4313378+03:00"
"C:/Users/Admin/source/repos/!VK/LunaVK-dev/Src/RawNotificationBackgroundComponent/RawNotificationBackgroundTask.cs","(?i)vk\.com","C:/Users/Admin/source/repos/!VK/LunaVK-dev/Src/RawNotificationBackgroundComponent/RawNotificationBackgroundTask.cs.bak","2025-09-20T13:00:33.5327658+03:00"
"C:/Users/Admin/source/repos/!VK/LunaVK-dev/Src/RawNotificationBackgroundComponent/obj/x64/Debug/qualifiers.txt","(?i)https?://oauth\.vk\.com","C:/Users/Admin/source/repos/!VK/LunaVK-dev/Src/RawNotificationBackgroundComponent/obj/x64/Debug/qualifiers.txt.bak","2025-09-20T13:00:33.9336174+03:00"
"C:/Users/Admin/source/repos/!VK/LunaVK-dev/Src/Src/tools/migrate_vk_to_vk_ru.ps1","(?i)vk\.com","C:/Users/Admin/source/repos/!VK/LunaVK-dev/Src/Src/tools/migrate_vk_to_vk_ru.ps1.bak","2025-09-20T13:00:33.9742270+03:00"
"C:/Users/Admin/source/repos/!VK/LunaVK-dev/Src/ToastNotificationComponent/obj/x64/Debug/qualifiers.txt","(?i)https?://oauth\.vk\.com","C:/Users/Admin/source/repos/!VK/LunaVK-dev/Src/ToastNotificationComponent/obj/x64/Debug/qualifiers.txt.bak","2025-09-20T13:00:34.3810208+03:00"
"C:/Users/Admin/source/repos/!VK/LunaVK-dev/Src/VkLib/VkConst.cs","(?i)https?://oauth\.vk\.com;(?i)https?://api\.vk\.com","C:/Users/Admin/source/repos/!VK/LunaVK-dev/Src/VkLib/VkConst.cs.bak","2025-09-20T13:00:34.4190716+03:00"
"C:/Users/Admin/source/repos/!VK/LunaVK-dev/Src/VkLib/Core/Attachments/VkPhotoAttachment.cs","(?i)vk\.com","C:/Users/Admin/source/repos/!VK/LunaVK-dev/Src/VkLib/Core/Attachments/VkPhotoAttachment.cs.bak","2025-09-20T13:00:34.9179414+03:00"
"C:/Users/Admin/source/repos/!VK/LunaVK-dev/Src/VkLib/Core/Attachments/VkWallPostAttachment.cs","(?i)vk\.com","C:/Users/Admin/source/repos/!VK/LunaVK-dev/Src/VkLib/Core/Attachments/VkWallPostAttachment.cs.bak","2025-09-20T13:00:34.9979774+03:00"
"C:/Users/Admin/source/repos/!VK/LunaVK-dev/Src/VkLib/Core/Audio/VkAudioRequest.cs","(?i)vk\.com","C:/Users/Admin/source/repos/!VK/LunaVK-dev/Src/VkLib/Core/Audio/VkAudioRequest.cs.bak","2025-09-20T13:00:35.3004318+03:00"
"C:/Users/Admin/source/repos/!VK/LunaVK-dev/Src/VkLib/Core/Audio/Types/VkAudio.cs","(?i)vk\.com","C:/Users/Admin/source/repos/!VK/LunaVK-dev/Src/VkLib/Core/Audio/Types/VkAudio.cs.bak","2025-09-20T13:00:35.6799455+03:00"
"C:/Users/Admin/source/repos/!VK/LunaVK-dev/Src/VkLib/Core/Auth/VkDirectAuthRequest.cs","(?i)vk\.com","C:/Users/Admin/source/repos/!VK/LunaVK-dev/Src/VkLib/Core/Auth/VkDirectAuthRequest.cs.bak","2025-09-20T13:00:35.7652683+03:00"
"C:/Users/Admin/source/repos/!VK/LunaVK-dev/Src/VkLib/Core/Auth/VkOAuthRequest.cs","(?i)https?://oauth\.vk\.com","C:/Users/Admin/source/repos/!VK/LunaVK-dev/Src/VkLib/Core/Auth/VkOAuthRequest.cs.bak","2025-09-20T13:00:35.8367735+03:00"
"C:/Users/Admin/source/repos/!VK/LunaVK-dev/Src/VkLib/Core/Messages/VkMessagesRequest.cs","(?i)vk\.com","C:/Users/Admin/source/repos/!VK/LunaVK-dev/Src/VkLib/Core/Messages/VkMessagesRequest.cs.bak","2025-09-20T13:00:36.2248822+03:00"
"C:/Users/Admin/source/repos/!VK/LunaVK-dev/Src/VkLib/Core/Messages/Types/VkLongPollMessage.cs","(?i)vk\.com","C:/Users/Admin/source/repos/!VK/LunaVK-dev/Src/VkLib/Core/Messages/Types/VkLongPollMessage.cs.bak","2025-09-20T13:00:36.5834648+03:00"
"C:/Users/Admin/source/repos/!VK/LunaVK-dev/Src/VkLib/Core/Messages/Types/VkMessage.cs","(?i)vk\.com","C:/Users/Admin/source/repos/!VK/LunaVK-dev/Src/VkLib/Core/Messages/Types/VkMessage.cs.bak","2025-09-20T13:00:36.9001080+03:00"
"C:/Users/Admin/source/repos/!VK/LunaVK-dev/Src/VkLib/Core/Users/VkProfile.cs","(?i)vk\.com","C:/Users/Admin/source/repos/!VK/LunaVK-dev/Src/VkLib/Core/Users/VkProfile.cs.bak","2025-09-20T13:00:37.1662740+03:00"
"C:/Users/Admin/source/repos/!VK/LunaVK-dev/Src/VkLib/Core/Users/VkProfileBase.cs","(?i)vk\.com","C:/Users/Admin/source/repos/!VK/LunaVK-dev/Src/VkLib/Core/Users/VkProfileBase.cs.bak","2025-09-20T13:00:37.2846651+03:00"
"C:/Users/Admin/source/repos/!VK/LunaVK-dev/Src/VkLib/Core/Users/VkUsersRequest.cs","(?i)vk\.com","C:/Users/Admin/source/repos/!VK/LunaVK-dev/Src/VkLib/Core/Users/VkUsersRequest.cs.bak","2025-09-20T13:00:37.3880753+03:00"
"C:/Users/Admin/source/repos/!VK/LunaVK-dev/Src/XamlAnimatedGif/obj/x64/Debug/qualifiers.txt","(?i)https?://oauth\.vk\.com","C:/Users/Admin/source/repos/!VK/LunaVK-dev/Src/XamlAnimatedGif/obj/x64/Debug/qualifiers.txt.bak","2025-09-20T13:00:38.9031407+03:00"
"C:/Users/Admin/source/repos/!VK/LunaVK-dev/Src/YoutubeExtractor/obj/x64/Debug/qualifiers.txt","(?i)https?://oauth\.vk\.com","C:/Users/Admin/source/repos/!VK/LunaVK-dev/Src/YoutubeExtractor/obj/x64/Debug/qualifiers.txt.bak","2025-09-20T13:00:39.6640755+03:00"
